ID,Predictions
0,0.26538864
1,0.27567673
2,0.3300878
3,0.30572113
4,0.2952661
5,0.25110993
6,0.1921504
7,0.19905147
8,0.24712023
9,0.8441425
10,0.8725009
11,0.88371295
12,0.96597254
13,0.96485937
14,0.946513
15,0.8559025
16,0.8570383
17,0.77889836
18,0.729479
19,0.73684067
20,0.6720405
21,0.5836604
22,0.55015546
23,0.42985582
24,0.41378304
25,0.42455065
26,0.4289232
27,0.04234235
28,0.034065943
29,0.032175034
30,0.041751407
31,0.021984823
32,0.01389804
33,0.024545886
34,0.018485267
35,0.01737008
36,0.37063092
37,0.21834303
38,0.09723746
39,0.5438962
40,0.3154748
41,0.18236357
42,0.37435475
43,0.29976997
44,0.14759111
45,0.12434994
46,0.07403968
47,0.02916166
48,-0.022857096
49,0.00829566
50,0.011310105
51,0.06946359
52,0.035608515
53,0.015480298
54,0.17928909
55,0.18186924
56,0.15080313
57,0.16724889
58,0.16185202
59,0.11385983
60,0.12613618
61,0.13660687
62,0.12453789
63,0.7758029
64,0.73805773
65,0.5229514
66,0.7684576
67,0.7187628
68,0.51741385
69,0.7022978
70,0.6009524
71,0.39978462
72,0.58381736
73,0.55540967
74,0.3870512
75,0.33024785
76,0.24202076
77,0.22911803
78,0.31228426
79,0.30874646
80,0.220628
81,0.10144456
82,0.098932706
83,0.11993651
84,0.06666566
85,0.055832718
86,0.05010893
87,0.038103964
88,0.035148665
89,0.040520843
90,0.46440962
91,0.44404438
92,0.40145186
93,0.41020393
94,0.38324338
95,0.32478318
96,0.17660706
97,0.17669058
98,0.17594796
99,0.31564793
100,0.28980625
101,0.24144292
102,0.20282371
103,0.14514098
104,0.06778167
105,0.05615092
106,0.061680455
107,0.063362755
108,0.15415516
109,0.14805433
110,0.16242342
111,0.10188875
112,0.09596702
113,0.095961906
114,0.07555379
115,0.07555471
116,0.118949614
117,0.79918176
118,0.7167593
119,0.62532353
120,0.7619248
121,0.71097493
122,0.6050388
123,0.5819096
124,0.5360293
125,0.42384925
126,0.5272127
127,0.47600552
128,0.36250195
129,0.2566942
130,0.21255526
131,0.15686497
132,0.16668047
133,0.16839285
134,0.16265352
135,0.059989396
136,0.07828376
137,0.077405944
138,0.06515696
139,0.06715705
140,0.05895169
141,0.022255648
142,0.037279688
143,0.05554155
144,0.64780384
145,0.58556896
146,0.3924875
147,0.6569758
148,0.5952629
149,0.41428885
150,0.46284506
151,0.4178678
152,0.29197308
153,0.40491456
154,0.38088122
155,0.23227154
156,0.13384503
157,0.10360614
158,0.09949752
159,0.10683436
160,0.10728108
161,0.101796955
162,0.16920783
163,0.16716312
164,0.18603845
165,0.13175161
166,0.10325191
167,0.09801817
168,0.08331157
169,0.07631146
170,0.10107742
171,0.8572211
172,0.77986723
173,0.70292497
174,0.9076982
175,0.76837087
176,0.67787147
177,0.8484056
178,0.7334483
179,0.57817346
180,0.55805737
181,0.49779728
182,0.40346402
183,0.2991714
184,0.17760843
185,0.17151384
186,0.23886092
187,0.19423385
188,0.17338353
189,0.07118027
190,0.075405374
191,0.061404113
192,0.03978595
193,0.0394581
194,0.03413611
195,0.031744607
196,0.03515173
197,0.043910615
198,0.38633603
199,0.32945278
200,0.2109339
201,0.36909074
202,0.31709352
203,0.21669327
204,0.30987874
205,0.3037853
206,0.2031342
207,0.24506253
208,0.22231811
209,0.14522795
210,0.10238734
211,0.06784202
212,0.080627955
213,0.11663572
214,0.10544063
215,0.09192557
216,0.11361135
217,0.11658312
218,0.13295883
219,0.085542545
220,0.08249949
221,0.08305799
222,0.075630054
223,0.07895597
224,0.09778727
225,0.55205995
226,0.5490206
227,0.52425265
228,0.48239425
229,0.48208213
230,0.47228965
231,0.457199
232,0.43471122
233,0.35682538
234,0.37277716
235,0.37067083
236,0.33530504
237,0.27950355
238,0.18524975
239,0.1878348
240,0.17332222
241,0.1781864
242,0.18156937
243,0.30267262
244,0.2960674
245,0.290991
246,0.30130962
247,0.2843769
248,0.21824199
249,0.22017628
250,0.220088
251,0.21433672
252,0.9738465
253,0.80464536
254,0.5760736
255,0.9745412
256,0.83267015
257,0.59940445
258,0.96039206
259,0.7916025
260,0.5899148
261,0.8145431
262,0.7121981
263,0.5495182
264,0.40720907
265,0.3172678
266,0.313836
267,0.51822835
268,0.40276828
269,0.301345
270,0.08354154
271,0.08800439
272,0.09378091
273,0.05701712
274,0.06062271
275,0.055367816
276,0.03900398
277,0.044862244
278,0.060080472
279,0.5330665
280,0.51309925
281,0.45119032
282,0.44700405
283,0.4523411
284,0.41891223
285,0.37365106
286,0.3529553
287,0.29186246
288,0.28913724
289,0.29045695
290,0.24445757
291,0.1880018
292,0.13497244
293,0.120138645
294,0.118849486
295,0.12497387
296,0.12092695
297,0.15428631
298,0.13343121
299,0.12816933
300,0.12828705
301,0.07361896
302,0.049762618
303,0.081042826
304,0.05374647
305,0.069044605
306,0.5775023
307,0.48506886
308,0.42808193
309,0.60604036
310,0.51078343
311,0.46382934
312,0.5811959
313,0.50349236
314,0.42071745
315,0.5324249
316,0.42764467
317,0.3582142
318,0.23666243
319,0.21883366
320,0.20862956
321,0.27993554
322,0.21044633
323,0.21390066
324,0.10621487
325,0.11225512
326,0.11447948
327,0.07576913
328,0.07333664
329,0.07003883
330,0.061786816
331,0.06438138
332,0.0792614
333,0.5657247
334,0.52372456
335,0.46241102
336,0.5448753
337,0.49824014
338,0.44318914
339,0.50247365
340,0.4437187
341,0.34993404
342,0.36293104
343,0.34472513
344,0.27424315
345,0.18789475
346,0.12957759
347,0.13283686
348,0.20352787
349,0.19319575
350,0.15266755
351,0.28854772
352,0.2885612
353,0.30067283
354,0.25030595
355,0.21523544
356,0.20289563
357,0.1973219
358,0.18451884
359,0.20305213
360,0.8135547
361,0.73213995
362,0.6458546
363,0.86861134
364,0.7585403
365,0.65034616
366,0.8361606
367,0.75849736
368,0.551599
369,0.5658613
370,0.5317751
371,0.45896104
372,0.315522
373,0.20909046
374,0.24866936
375,0.2959265
376,0.27998957
377,0.24672665
378,0.15694813
379,0.13940999
380,0.101469666
381,0.116050094
382,0.09447269
383,0.067590185
384,0.09016047
385,0.07381263
386,0.061286464
387,0.8617246
388,0.64685357
389,0.43362603
390,0.87329465
391,0.6887124
392,0.47183755
393,0.75887764
394,0.5140514
395,0.32146543
396,0.5648626
397,0.4009772
398,0.24631467
399,0.14144847
400,0.12051009
401,0.120829314
402,0.32493982
403,0.19182155
404,0.119963795
405,0.10932496
406,0.10210703
407,0.08487316
408,0.058105726
409,0.05027867
410,0.03185308
411,0.04915577
412,0.04751762
413,0.045633085
414,0.5734383
415,0.45690456
416,0.32970276
417,0.5396959
418,0.4412516
419,0.31731507
420,0.41865844
421,0.3317818
422,0.24362817
423,0.36317903
424,0.27856323
425,0.17506891
426,0.11307367
427,0.07113029
428,0.08551356
429,0.13390866
430,0.11744182
431,0.08566468
432,0.096870735
433,0.11191729
434,0.1525392
435,0.08625496
436,0.081209086
437,0.077510774
438,0.047736146
439,0.055019937
440,0.079319544
441,0.4960712
442,0.5013369
443,0.49538302
444,0.48415416
445,0.4677705
446,0.4468012
447,0.39828157
448,0.3640577
449,0.28992817
450,0.2743638
451,0.29519075
452,0.29748702
453,0.25030276
454,0.17304473
455,0.14636199
456,0.13075373
457,0.14458787
458,0.14389211
459,0.04891131
460,0.05309355
461,0.060420692
462,0.02644366
463,0.0255112
464,0.023013866
465,0.015703082
466,0.01867979
467,0.03481526
468,0.22487713
469,0.20691624
470,0.1405915
471,0.22375827
472,0.18724294
473,0.13785306
474,0.18222405
475,0.17159262
476,0.09603514
477,0.15900473
478,0.13817981
479,0.10226924
480,0.054316726
481,0.0066431654
482,0.028308643
483,0.032995023
484,0.026914826
485,0.033832002
486,0.13989836
487,0.17843801
488,0.20098218
489,0.10721065
490,0.16621445
491,0.1617539
492,0.098544635
493,0.14590865
494,0.17860073
495,0.6080507
496,0.54678017
497,0.50342196
498,0.5724221
499,0.52426654
500,0.45891064
501,0.4789604
502,0.45541412
503,0.37298784
504,0.42102736
505,0.38581344
506,0.3478827
507,0.26856473
508,0.23419422
509,0.2265358
510,0.21874534
511,0.22153482
512,0.23660886
513,0.09297509
514,0.100446515
515,0.115326665
516,0.069623314
517,0.06139641
518,0.056930684
519,0.045682527
520,0.040928695
521,0.076316595
522,0.5753014
523,0.5179415
524,0.44061965
525,0.5837935
526,0.5246395
527,0.44466007
528,0.4332857
529,0.36190072
530,0.3006071
531,0.37337503
532,0.32687172
533,0.26053
534,0.1894537
535,0.15415849
536,0.12099503
537,0.14845775
538,0.130122
539,0.1216594
540,0.06478403
541,0.0697777
542,0.07768706
543,0.04751086
544,0.050642684
545,0.048629057
546,0.041981105
547,0.04576923
548,0.06381423
549,0.2064341
550,0.20940652
551,0.17416875
552,0.24086994
553,0.23164079
554,0.21795027
555,0.20469871
556,0.20925136
557,0.19820759
558,0.13418841
559,0.1352596
560,0.1312625
561,0.11019867
562,0.087997794
563,0.09575634
564,0.086243495
565,0.092973165
566,0.09355306
567,0.08723279
568,0.06933008
569,0.05069089
570,0.05705031
571,0.03744626
572,0.022915976
573,0.044902552
574,0.02717337
575,0.017067593
576,0.39890358
577,0.31834137
578,0.16883378
579,0.37116182
580,0.29575995
581,0.14443937
582,0.2574664
583,0.16665274
584,0.0764649
585,0.19675744
586,0.12480265
587,0.0440031
588,0.023654073
589,0.0146287065
590,0.02426148
591,0.122202046
592,0.0777854
593,0.031970974
594,0.11377134
595,0.11198198
596,0.1372233
597,0.07704706
598,0.066547014
599,0.060610596
600,0.018507894
601,0.020191127
602,0.058115114
603,0.6895555
604,0.6689693
605,0.60740644
606,0.6419032
607,0.63789093
608,0.5501072
609,0.4104355
610,0.33468014
611,0.29683107
612,0.40718624
613,0.39337847
614,0.32999972
615,0.27476454
616,0.21077166
617,0.091240875
618,0.08496908
619,0.09475205
620,0.0943071
621,0.18791236
622,0.18937832
623,0.19805324
624,0.20872131
625,0.18166395
626,0.13815528
627,0.08483963
628,0.080482
629,0.101257354
630,0.87617147
631,0.7474417
632,0.64128625
633,0.93048495
634,0.8116823
635,0.69256693
636,0.7940482
637,0.6846619
638,0.552531
639,0.62445474
640,0.57351893
641,0.457271
642,0.3473966
643,0.26721123
644,0.18823622
645,0.26921853
646,0.23369376
647,0.1697137
648,0.09424163
649,0.09319421
650,0.09637763
651,0.077781774
652,0.068918526
653,0.06563195
654,0.058290347
655,0.05372744
656,0.058129944
657,0.54783696
658,0.44375172
659,0.32645983
660,0.54188675
661,0.44556504
662,0.33179456
663,0.506465
664,0.40382677
665,0.24682084
666,0.3386902
667,0.29020083
668,0.21755596
669,0.139394
670,0.10763131
671,0.11244065
672,0.22797568
673,0.16200618
674,0.10066085
675,0.25250903
676,0.25324103
677,0.30253682
678,0.27683184
679,0.25334418
680,0.20001489
681,0.1403192
682,0.13546798
683,0.18728147
684,0.8636045
685,0.82718897
686,0.8394297
687,0.9867418
688,0.937241
689,0.90713954
690,0.8851942
691,0.802492
692,0.7701506
693,0.7810713
694,0.73630005
695,0.66571176
696,0.5284087
697,0.49154532
698,0.40178803
699,0.43898112
700,0.40223265
701,0.40538156
702,0.103611894
703,0.09461461
704,0.10804878
705,0.049619462
706,0.037319984
707,0.03698751
708,0.044550978
709,0.030069273
710,0.03484593
711,0.38351822
712,0.2809985
713,0.23400466
714,0.33636746
715,0.23350939
716,0.2003245
717,0.2782161
718,0.20092358
719,0.17551047
720,0.27134854
721,0.21005358
722,0.17114457
723,0.10664741
724,0.05954914
725,0.06448496
726,0.10635325
727,0.07995396
728,0.074488685
729,0.1534102
730,0.15500785
731,0.16221474
732,0.10222433
733,0.10210389
734,0.097904734
735,0.06883502
736,0.08455401
737,0.10664632
738,0.6749837
739,0.62933016
740,0.48733002
741,0.52268165
742,0.51857597
743,0.41708574
744,0.40848306
745,0.38222378
746,0.32600328
747,0.4907679
748,0.44969058
749,0.35174716
750,0.28350398
751,0.16757125
752,0.1441275
753,0.1354019
754,0.14088263
755,0.13642587
756,0.06814947
757,0.06312072
758,0.07938279
759,0.10387311
760,0.093225256
761,0.081860065
762,0.050909277
763,0.051029116
764,0.07946281
765,0.66593003
766,0.5686491
767,0.46978888
768,0.8809998
769,0.8498937
770,0.7195013
771,0.6412168
772,0.6075524
773,0.463132
774,0.32242566
775,0.27086863
776,0.21466424
777,0.14682561
778,0.29934627
779,0.1782325
780,0.17393449
781,0.17658333
782,0.17575955
783,0.04834845
784,0.06319317
785,0.08023063
786,0.035594497
787,0.033404693
788,0.030776007
789,-0.0070322435
790,0.0022218083
791,0.016120711
792,0.568613
793,0.3830643
794,0.22544833
795,0.66130155
796,0.47592592
797,0.2754424
798,0.30776212
799,0.23919488
800,0.12763296
801,0.167275
802,0.12962404
803,0.06837565
804,0.052206744
805,0.036553178
806,0.036253568
807,0.053542268
808,0.049561355
809,0.03825096
810,0.11127643
811,0.12617695
812,0.14802124
813,0.07077029
814,0.07129047
815,0.06986373
816,0.051742967
817,0.054120902
818,0.08306586
819,0.47778532
820,0.41974637
821,0.40147996
822,0.45523056
823,0.3847738
824,0.3673719
825,0.38242126
826,0.34283724
827,0.3336685
828,0.37132725
829,0.33492213
830,0.32113674
831,0.23612972
832,0.15062779
833,0.15479368
834,0.19227253
835,0.17674062
836,0.17921902
837,0.2821303
838,0.27010342
839,0.36571905
840,0.32117742
841,0.30437297
842,0.27846578
843,0.20441625
844,0.19175792
845,0.28554815
846,0.9070711
847,0.84544265
848,0.83773154
849,1.0636241
850,1.0420666
851,0.9965597
852,0.9947165
853,0.94288534
854,0.9078886
855,0.77313
856,0.6992193
857,0.6480113
858,0.516912
859,0.561705
860,0.5109573
861,0.5676494
862,0.51778096
863,0.50076604
864,0.067338295
865,0.0770042
866,0.118071415
867,0.033304293
868,0.03238059
869,0.03356464
870,0.011384668
871,0.015976435
872,0.034541365
873,0.3776541
874,0.3789011
875,0.37724915
876,0.29825255
877,0.2950895
878,0.27866316
879,0.12667765
880,0.13779777
881,0.15204321
882,0.21428294
883,0.22737853
884,0.23515269
885,0.21475813
886,0.12736754
887,0.046877667
888,0.03234237
889,0.041466415
890,0.048490256
891,0.17189206
892,0.17807993
893,0.15561318
894,0.1398946
895,0.14899608
896,0.115279876
897,0.0865924
898,0.10316183
899,0.084317826
900,0.7743257
901,0.62473685
902,0.42627218
903,0.7553262
904,0.6552383
905,0.42724928
906,0.70900524
907,0.52856326
908,0.29758453
909,0.4647918
910,0.38977697
911,0.25315055
912,0.16406178
913,0.12910078
914,0.12545158
915,0.27489153
916,0.2111216
917,0.12656927
918,0.12579983
919,0.12628597
920,0.15576203
921,0.088131204
922,0.08088959
923,0.07525275
924,0.04969502
925,0.053097095
926,0.091439135
927,0.7008808
928,0.6951837
929,0.65365785
930,0.6694823
931,0.6706166
932,0.61706084
933,0.48245695
934,0.40485296
935,0.36185357
936,0.4436808
937,0.4300339
938,0.38731146
939,0.3308796
940,0.2589389
941,0.14779554
942,0.1391608
943,0.14709516
944,0.14508156
945,0.050358932
946,0.04613714
947,0.04938254
948,0.022984292
949,0.013764872
950,0.011791325
951,0.00908869
952,0.007779724
953,0.03102334
954,0.4420732
955,0.38071355
956,0.26856768
957,0.33652368
958,0.30250785
959,0.22610134
960,0.1834514
961,0.14850444
962,0.12848426
963,0.23862216
964,0.20596144
965,0.15646885
966,0.092304
967,0.036448937
968,0.04018679
969,-0.0024362116
970,0.025304819
971,0.037389997
972,0.15384176
973,0.16445616
974,0.22429383
975,0.15405415
976,0.14377782
977,0.18351698
978,0.10410355
979,0.108992755
980,0.17330502
981,0.74589163
982,0.71652627
983,0.6938315
984,0.8309079
985,0.79700184
986,0.7763901
987,0.67266756
988,0.5952789
989,0.5400465
990,0.4923488
991,0.49949738
992,0.48294923
993,0.40975502
994,0.36951086
995,0.25676122
996,0.25457302
997,0.25918442
998,0.2548814
999,0.12114805
1000,0.13329133
1001,0.13848694
1002,0.057853255
1003,0.053709097
1004,0.044697113
1005,0.047137495
1006,0.045139935
1007,0.058959458
1008,0.407754
1009,0.3660622
1010,0.2876938
1011,0.36287203
1012,0.29775932
1013,0.23592058
1014,0.25106707
1015,0.2130643
1016,0.1867659
1017,0.3127599
1018,0.27619165
1019,0.22371101
1020,0.15691017
1021,0.050301112
1022,0.06812455
1023,0.098754235
1024,0.0899913
1025,0.077563256
1026,0.13667926
1027,0.10272292
1028,0.12222619
1029,0.11249329
1030,0.07570653
1031,0.075504415
1032,0.0782915
1033,0.055086363
1034,0.08316354
1035,0.83848155
1036,0.7044742
1037,0.6147999
1038,0.80775446
1039,0.6926211
1040,0.58479375
1041,0.6549409
1042,0.5366712
1043,0.36354697
1044,0.54656553
1045,0.43202946
1046,0.3143984
1047,0.2448567
1048,0.21925195
1049,0.1465844
1050,0.21999022
1051,0.15126888
1052,0.150167
1053,0.043463204
1054,0.048300505
1055,0.06392413
1056,0.010542532
1057,0.0052962857
1058,0.008989965
1059,-0.004351286
1060,0.0009466071
1061,0.018035017
1062,0.3396666
1063,0.32616344
1064,0.26369685
1065,0.16531016
1066,0.15172277
1067,0.076780096
1068,0.07226561
1069,0.07659487
1070,0.05408105
1071,0.15139575
1072,0.15798216
1073,0.1345936
1074,0.087422505
1075,-0.028263623
1076,0.01170496
1077,-0.008083441
1078,0.00376479
1079,0.013960601
1080,0.038120925
1081,0.04931842
1082,0.032447446
1083,0.015689332
1084,0.01822174
1085,-0.002906133
1086,0.00091537746
1087,0.006970959
1088,-0.0018445979
1089,0.33772662
1090,0.34399042
1091,0.2361462
1092,0.233943
1093,0.24463242
1094,0.18970178
1095,0.18032725
1096,0.1707399
1097,0.15111738
1098,0.1818342
1099,0.18893543
1100,0.13221155
1101,0.092532665
1102,0.034246992
1103,0.027613351
1104,0.043172024
1105,0.042448573
1106,0.02743878
1107,0.25376016
1108,0.26092786
1109,0.30715278
1110,0.23310882
1111,0.22590137
1112,0.19357814
1113,0.17261633
1114,0.17602769
1115,0.20698142
1116,0.8618461
1117,0.8571111
1118,0.8578013
1119,0.83902556
1120,0.825826
1121,0.8400432
1122,0.8092784
1123,0.7770759
1124,0.74628395
1125,0.7339255
1126,0.7244127
1127,0.67183614
1128,0.5505878
1129,0.43877727
1130,0.3793979
1131,0.35988933
1132,0.36356246
1133,0.3650303
1134,0.1467128
1135,0.15731199
1136,0.17915039
1137,0.11549926
1138,0.11437956
1139,0.10942653
1140,0.08847448
1141,0.0900413
1142,0.11350316
1143,0.75602365
1144,0.6893497
1145,0.57620955
1146,0.75520205
1147,0.6775014
1148,0.5801762
1149,0.6797834
1150,0.55052066
1151,0.43958032
1152,0.5537135
1153,0.4889106
1154,0.39211515
1155,0.29657143
1156,0.2225917
1157,0.20570384
1158,0.2818887
1159,0.2469547
1160,0.20818087
1161,0.072811134
1162,0.078058906
1163,0.090863176
1164,0.057326853
1165,0.058395743
1166,0.0554012
1167,0.051451124
1168,0.05669892
1169,0.07085068
1170,0.35767525
1171,0.33754164
1172,0.31697792
1173,0.34941077
1174,0.31294292
1175,0.29321387
1176,0.3018449
1177,0.25556454
1178,0.18197641
1179,0.18975917
1180,0.18896411
1181,0.15780145
1182,0.10583062
1183,0.08280497
1184,0.0831318
1185,0.08674227
1186,0.09361487
1187,0.088917896
1188,0.112008706
1189,0.10948609
1190,0.12844078
1191,0.06568585
1192,0.0573262
1193,0.052989274
1194,0.011496908
1195,0.013764084
1196,0.048372544
1197,0.6621418
1198,0.61815494
1199,0.5554833
1200,0.6115806
1201,0.57234144
1202,0.49247247
1203,0.37109676
1204,0.2727136
1205,0.24511632
1206,0.3577665
1207,0.32535744
1208,0.2936411
1209,0.21824032
1210,0.14402245
1211,0.07233533
1212,0.0834508
1213,0.08021052
1214,0.0806442
1215,0.13990635
1216,0.14824818
1217,0.15621303
1218,0.09348671
1219,0.100839674
1220,0.08580568
1221,0.075868115
1222,0.08399721
1223,0.095260784
1224,0.509518
1225,0.47824305
1226,0.41322213
1227,0.49126673
1228,0.4564958
1229,0.40599224
1230,0.45720705
1231,0.46067008
1232,0.37979838
1233,0.41877195
1234,0.4128906
1235,0.3472018
1236,0.26137298
1237,0.16689864
1238,0.18010566
1239,0.22405235
1240,0.21737888
1241,0.18078104
1242,0.20947607
1243,0.20668785
1244,0.23386061
1245,0.20522322
1246,0.19150704
1247,0.15313472
1248,0.14855832
1249,0.1422527
1250,0.18422817
1251,0.7594384
1252,0.7415955
1253,0.73426855
1254,0.77673674
1255,0.7541049
1256,0.77119
1257,0.76003486
1258,0.7229675
1259,0.67131317
1260,0.6235066
1261,0.60173905
1262,0.5485365
1263,0.43951645
1264,0.33685425
1265,0.32690865
1266,0.31363466
1267,0.31412992
1268,0.31989315
1269,0.068400055
1270,0.071683094
1271,0.08563021
1272,0.06439385
1273,0.061129212
1274,0.054847356
1275,0.029820941
1276,0.026541036
1277,0.0508992
1278,0.31806958
1279,0.27824166
1280,0.28753763
1281,0.4178
1282,0.400803
1283,0.33193293
1284,0.20380628
1285,0.18552636
1286,0.17648761
1287,0.13541083
1288,0.13557726
1289,0.14559934
1290,0.10027495
1291,0.13547039
1292,0.055149157
1293,0.060258605
1294,0.056610614
1295,0.05155096
1296,0.058358543
1297,0.06193017
1298,0.047720723
1299,0.046451766
1300,0.04493348
1301,0.033440355
1302,0.036451995
1303,0.03686767
1304,0.036228612
1305,0.34938028
1306,0.30263808
1307,0.22526799
1308,0.29580146
1309,0.27766657
1310,0.22416322
1311,0.22995134
1312,0.23592757
1313,0.20123896
1314,0.17949702
1315,0.17126212
1316,0.09855806
1317,0.06699714
1318,0.069089696
1319,0.04950938
1320,0.077715866
1321,0.07159662
1322,0.05589625
1323,0.06797743
1324,0.062088247
1325,0.07408828
1326,0.058382954
1327,0.048968665
1328,0.04390824
1329,0.03519388
1330,0.024192302
1331,0.04546076
1332,0.44033042
1333,0.33771306
1334,0.24402997
1335,0.47795507
1336,0.36954036
1337,0.27091318
1338,0.29555848
1339,0.19234103
1340,0.14382415
1341,0.23108883
1342,0.15215339
1343,0.10531495
1344,0.054949094
1345,0.053121056
1346,0.043257825
1347,0.10600321
1348,0.0766286
1349,0.04038383
1350,0.20723146
1351,0.2113187
1352,0.257654
1353,0.17452706
1354,0.16898341
1355,0.15669173
1356,0.13142027
1357,0.13549888
1358,0.1951466
1359,0.8492588
1360,0.85843676
1361,0.80580384
1362,0.8293188
1363,0.833626
1364,0.79253566
1365,0.7728659
1366,0.75781614
1367,0.61019856
1368,0.6610203
1369,0.65053713
1370,0.60488427
1371,0.46538875
1372,0.3225128
1373,0.28397295
1374,0.27558893
1375,0.28277543
1376,0.27733684
1377,0.097738974
1378,0.1016929
1379,0.12019972
1380,0.08349319
1381,0.080296464
1382,0.07979552
1383,0.039494555
1384,0.04083089
1385,0.07085382
1386,0.34030485
1387,0.33871105
1388,0.33143952
1389,0.39156067
1390,0.36810574
1391,0.33121493
1392,0.27259496
1393,0.26694754
1394,0.25646678
1395,0.2398662
1396,0.23151283
1397,0.22227699
1398,0.187093
1399,0.1616133
1400,0.13425429
1401,0.15579054
1402,0.14391613
1403,0.1329756
1404,0.20920698
1405,0.21070275
1406,0.2430941
1407,0.17236944
1408,0.15764306
1409,0.14767177
1410,0.13600652
1411,0.137061
1412,0.18376006
1413,0.8764523
1414,0.8800975
1415,0.8636716
1416,0.8522588
1417,0.8526475
1418,0.8350133
1419,0.7743147
1420,0.75781894
1421,0.6632026
1422,0.7214706
1423,0.709324
1424,0.5931043
1425,0.45527282
1426,0.37605184
1427,0.3153175
1428,0.30060983
1429,0.30139488
1430,0.30631155
1431,0.12256026
1432,0.13046663
1433,0.14094223
1434,0.08850949
1435,0.08149135
1436,0.059729364
1437,0.071872585
1438,0.06784679
1439,0.117936276
1440,0.54338276
1441,0.5370527
1442,0.4903215
1443,0.52702355
1444,0.5210881
1445,0.4571378
1446,0.43969625
1447,0.4484399
1448,0.5147621
1449,0.48235506
1450,0.47505188
1451,0.39498785
1452,0.2826885
1453,0.20730819
1454,0.2040245
1455,0.18899354
1456,0.20399784
1457,0.21079585
1458,0.10359954
1459,0.11936907
1460,0.13000755
1461,0.11468767
1462,0.11916155
1463,0.109979466
1464,0.047806844
1465,0.059061166
1466,0.06331265
1467,0.5638485
1468,0.5776402
1469,0.44517273
1470,0.78044945
1471,0.7406918
1472,0.54762083
1473,0.49367252
1474,0.47377804
1475,0.3693921
1476,0.23841055
1477,0.2752431
1478,0.19254816
1479,0.14996569
1480,0.17114095
1481,0.1114181
1482,0.113145016
1483,0.12316471
1484,0.11302059
1485,0.13124141
1486,0.13052326
1487,0.11633229
1488,0.10081572
1489,0.071707495
1490,0.05633265
1491,0.073090374
1492,0.06537573
1493,0.067555554
1494,0.7316763
1495,0.51319146
1496,0.31597453
1497,0.71213996
1498,0.4877469
1499,0.29449305
1500,0.564846
1501,0.45908058
1502,0.26013616
1503,0.4746108
1504,0.33357224
1505,0.19287053
1506,0.13994122
1507,0.06816385
1508,0.0826033
1509,0.16454206
1510,0.11495111
1511,0.08910909
1512,0.14334975
1513,0.12527046
1514,0.1463996
1515,0.1418959
1516,0.09381567
1517,0.08387326
1518,0.09119053
1519,0.06770145
1520,0.08724092
1521,0.663423
1522,0.53473014
1523,0.44004506
1524,0.6589165
1525,0.5222941
1526,0.41340494
1527,0.65121317
1528,0.55137277
1529,0.3799184
1530,0.53072846
1531,0.42233548
1532,0.31778133
1533,0.22149046
1534,0.16901962
1535,0.16066581
1536,0.29139704
1537,0.2180945
1538,0.15589432
1539,0.1336592
1540,0.13960369
1541,0.1262876
1542,0.08684382
1543,0.09352029
1544,0.077046
1545,0.08031183
1546,0.08586525
1547,0.07835422
1548,0.5418905
1549,0.47067285
1550,0.37191543
1551,0.5385375
1552,0.4674461
1553,0.4082628
1554,0.45145044
1555,0.4118968
1556,0.33759055
1557,0.47157586
1558,0.42322606
1559,0.3242765
1560,0.19417329
1561,0.14496723
1562,0.14985697
1563,0.19685942
1564,0.19069506
1565,0.14873719
1566,0.11575714
1567,0.10557044
1568,0.10785281
1569,0.08623702
1570,0.056156784
1571,0.042444207
1572,0.046405815
1573,0.036792092
1574,0.060519286
1575,0.5987392
1576,0.5156611
1577,0.39726546
1578,0.5950934
1579,0.49719208
1580,0.38626158
1581,0.5129537
1582,0.46454355
1583,0.32972834
1584,0.4622301
1585,0.37593168
1586,0.2571156
1587,0.1810019
1588,0.11882081
1589,0.119432166
1590,0.17893103
1591,0.1478758
1592,0.1260627
1593,0.15803353
1594,0.17612794
1595,0.15763268
1596,0.16013363
1597,0.1281359
1598,0.101960555
1599,0.100915045
1600,0.096361205
1601,0.093565956
1602,0.74662787
1603,0.5995128
1604,0.40172833
1605,0.85754293
1606,0.668135
1607,0.44457445
1608,0.82446516
1609,0.6879024
1610,0.45137668
1611,0.48188764
1612,0.4167857
1613,0.28545335
1614,0.19530116
1615,0.14711136
1616,0.16758215
1617,0.3122071
1618,0.21561411
1619,0.16076604
1620,0.085544996
1621,0.08841569
1622,0.101246536
1623,0.052171066
1624,0.05074795
1625,0.04952279
1626,0.026896857
1627,0.030920018
1628,0.051613323
1629,0.4702886
1630,0.44315195
1631,0.37809646
1632,0.37331805
1633,0.35892063
1634,0.30556917
1635,0.22819622
1636,0.21708712
1637,0.22114867
1638,0.32896006
1639,0.3031942
1640,0.24461913
1641,0.15427876
1642,0.10675175
1643,0.066911355
1644,0.06247049
1645,0.06803162
1646,0.06386126
1647,0.08226528
1648,0.07400941
1649,0.11413808
1650,0.0633489
1651,0.0427184
1652,0.043659106
1653,0.037044954
1654,0.025113255
1655,0.048695974
1656,0.37469375
1657,0.34057492
1658,0.3214774
1659,0.35576603
1660,0.32430252
1661,0.28491044
1662,0.28515065
1663,0.25061837
1664,0.1961795
1665,0.23010632
1666,0.21108893
1667,0.20801647
1668,0.1916722
1669,0.13471486
1670,0.11628043
1671,0.1288044
1672,0.11028404
1673,0.1259275
1674,0.14854534
1675,0.14394286
1676,0.16223519
1677,0.08970849
1678,0.08388012
1679,0.07814076
1680,0.06140457
1681,0.05947685
1682,0.07682292
1683,0.67558914
1684,0.6420927
1685,0.56042445
1686,0.5731568
1687,0.57200795
1688,0.5284164
1689,0.4808317
1690,0.43897495
1691,0.37733114
1692,0.52301097
1693,0.4874063
1694,0.4173245
1695,0.3221056
1696,0.2212492
1697,0.17753802
1698,0.1801497
1699,0.1792677
1700,0.178893
1701,0.09162518
1702,0.09650245
1703,0.100323826
1704,0.064104296
1705,0.06437097
1706,0.056056704
1707,0.048850875
1708,0.054082304
1709,0.08523745
1710,0.5893256
1711,0.5855104
1712,0.5375987
1713,0.5283012
1714,0.5341688
1715,0.5114231
1716,0.4857122
1717,0.42385656
1718,0.38296956
1719,0.37016752
1720,0.36620438
1721,0.3063593
1722,0.2305066
1723,0.17249534
1724,0.14761999
1725,0.13545421
1726,0.14521793
1727,0.13931596
1728,0.14933725
1729,0.1384754
1730,0.13584493
1731,0.10417061
1732,0.07874254
1733,0.066110164
1734,0.056037754
1735,0.046915893
1736,0.07106388
1737,0.7165938
1738,0.64009863
1739,0.5178732
1740,0.71958697
1741,0.6557715
1742,0.5124961
1743,0.55661166
1744,0.47321177
1745,0.39320517
1746,0.51284534
1747,0.45829773
1748,0.28843322
1749,0.17433508
1750,0.13423592
1751,0.07183451
1752,0.11805032
1753,0.095711395
1754,0.08109752
1755,0.051359616
1756,0.057097282
1757,0.066121355
1758,0.047341555
1759,0.04544067
1760,0.04607991
1761,0.011084807
1762,0.01999845
1763,0.034559444
1764,0.56168056
1765,0.39688528
1766,0.33960444
1767,0.7114655
1768,0.5699724
1769,0.4869371
1770,0.42932343
1771,0.34917212
1772,0.26803428
1773,0.14548348
1774,0.10839484
1775,0.12173065
1776,0.091773205
1777,0.1384354
1778,0.08588531
1779,0.07283289
1780,0.11121189
1781,0.08522394
1782,0.11421138
1783,0.117726035
1784,0.14014235
1785,0.094668694
1786,0.08686211
1787,0.090056546
1788,0.057048768
1789,0.058391493
1790,0.097296245
1791,0.63506544
1792,0.59758717
1793,0.52866024
1794,0.6225413
1795,0.5554164
1796,0.507022
1797,0.4520491
1798,0.37656394
1799,0.35106382
1800,0.4606412
1801,0.3975287
1802,0.34111187
1803,0.27919284
1804,0.21112306
1805,0.16917838
1806,0.19955143
1807,0.17071095
1808,0.16917951
1809,0.122895
1810,0.11165216
1811,0.09131986
1812,0.074142456
1813,0.061834995
1814,0.04472856
1815,0.058487006
1816,0.054397874
1817,0.05396857
1818,0.8066278
1819,0.60787994
1820,0.416271
1821,0.7638439
1822,0.5961323
1823,0.41749895
1824,0.62958634
1825,0.42023158
1826,0.2821239
1827,0.41115174
1828,0.29792705
1829,0.18931642
1830,0.12300335
1831,0.088244975
1832,0.10375695
1833,0.1731847
1834,0.14598446
1835,0.11131421
1836,0.09386072
1837,0.08801239
1838,0.097134165
1839,0.053591967
1840,0.04809146
1841,0.05050621
1842,0.043095727
1843,0.041460827
1844,0.05532162
1845,0.47934037
1846,0.4324013
1847,0.4074399
1848,0.32969308
1849,0.3168443
1850,0.29962024
1851,0.27909696
1852,0.2453455
1853,0.27847108
1854,0.3281149
1855,0.27240285
1856,0.2519475
1857,0.20624252
1858,0.10749801
1859,0.10496386
1860,0.08600725
1861,0.08875629
1862,0.09928384
1863,0.24942136
1864,0.25967452
1865,0.25130108
1866,0.22828165
1867,0.20085822
1868,0.17695929
1869,0.17861038
1870,0.17170224
1871,0.17025346
1872,0.80007684
1873,0.6658027
1874,0.50961006
1875,0.84261674
1876,0.6665559
1877,0.47527006
1878,0.7931639
1879,0.65512896
1880,0.41220677
1881,0.5195308
1882,0.47479913
1883,0.3126047
1884,0.22720872
1885,0.112640895
1886,0.1361518
1887,0.23081656
1888,0.19829778
1889,0.13576539
1890,0.09883773
1891,0.109757684
1892,0.10731318
1893,0.08271478
1894,0.07742329
1895,0.06596977
1896,0.03955831
1897,0.044339716
1898,0.048820004
1899,0.4427864
1900,0.4070161
1901,0.32147503
1902,0.5370259
1903,0.46047616
1904,0.3579642
1905,0.42806682
1906,0.35317037
1907,0.25766852
1908,0.26340693
1909,0.25039992
1910,0.18046752
1911,0.112458065
1912,0.10720795
1913,0.09672647
1914,0.17089166
1915,0.13614288
1916,0.09616976
1917,0.14612302
1918,0.16373552
1919,0.18875022
1920,0.14519939
1921,0.15559217
1922,0.13981187
1923,0.098226845
1924,0.12522647
1925,0.17354517
1926,0.6576147
1927,0.63198465
1928,0.5963866
1929,0.66375804
1930,0.6620222
1931,0.6622412
1932,0.6726296
1933,0.65673447
1934,0.6243499
1935,0.5243918
1936,0.5092944
1937,0.422274
1938,0.3290769
1939,0.2509021
1940,0.26672044
1941,0.25697264
1942,0.2741708
1943,0.2686443
1944,0.10358324
1945,0.096340224
1946,0.14362672
1947,0.06435592
1948,0.05243909
1949,0.048695426
1950,0.04524338
1951,0.042227138
1952,0.060781963
1953,0.4740202
1954,0.44695103
1955,0.44585207
1956,0.32905582
1957,0.31289715
1958,0.293023
1959,0.20986351
1960,0.20112582
1961,0.20096706
1962,0.31399518
1963,0.28507516
1964,0.27999657
1965,0.25796747
1966,0.12577903
1967,0.07074069
1968,0.062324256
1969,0.060566995
1970,0.06464803
1971,0.1999583
1972,0.20408627
1973,0.2486844
1974,0.19418533
1975,0.18257016
1976,0.15770417
1977,0.13691215
1978,0.13334398
1979,0.17389436
1980,0.8449346
1981,0.80860686
1982,0.7791005
1983,0.81688815
1984,0.7662628
1985,0.724936
1986,0.76564515
1987,0.70780313
1988,0.6270345
1989,0.67168564
1990,0.6544194
1991,0.5726239
1992,0.4474813
1993,0.32078448
1994,0.29863024
1995,0.35960966
1996,0.32997692
1997,0.30721614
1998,0.17641486
1999,0.1677097
2000,0.19241422
2001,0.15004405
2002,0.13268332
2003,0.1266295
2004,0.116544545
2005,0.11286375
2006,0.14683405
2007,0.90579313
2008,0.88686067
2009,0.75954175
2010,0.9002342
2011,0.8806464
2012,0.7550331
2013,0.86809003
2014,0.76620495
2015,0.5334593
2016,0.6046934
2017,0.5540498
2018,0.44254893
2019,0.4023667
2020,0.37022835
2021,0.35592255
2022,0.43710297
2023,0.41557106
2024,0.35660282
2025,0.11388683
2026,0.12797853
2027,0.15142575
2028,0.09584951
2029,0.09657553
2030,0.091899715
2031,0.066515036
2032,0.06867603
2033,0.10548483
2034,0.67712575
2035,0.661677
2036,0.533327
2037,0.6758974
2038,0.66778266
2039,0.5287962
2040,0.504879
2041,0.42971954
2042,0.31294778
2043,0.3851352
2044,0.37790963
2045,0.30455342
2046,0.23216487
2047,0.17991476
2048,0.13021003
2049,0.14201646
2050,0.1444099
2051,0.13480288
2052,0.08853716
2053,0.10876814
2054,0.12396994
2055,0.06720016
2056,0.06977402
2057,0.06546597
2058,0.043300148
2059,0.052583773
2060,0.06386129
2061,0.32478657
2062,0.3367896
2063,0.29152554
2064,0.3582961
2065,0.34563708
2066,0.28872168
2067,0.2957903
2068,0.31461924
2069,0.26548025
2070,0.23515669
2071,0.2561006
2072,0.22342576
2073,0.17675309
2074,0.11561839
2075,0.12237242
2076,0.11706923
2077,0.117247775
2078,0.118378185
2079,0.07245148
2080,0.06582379
2081,0.08312594
2082,0.06257262
2083,0.050437346
2084,0.050943803
2085,0.05318439
2086,0.0465567
2087,0.086680345
2088,0.33309075
2089,0.30136657
2090,0.29370302
2091,0.3346727
2092,0.30683473
2093,0.27111617
2094,0.28993738
2095,0.26834372
2096,0.2706998
2097,0.20500626
2098,0.18346192
2099,0.16767177
2100,0.14092737
2101,0.119589314
2102,0.12168771
2103,0.110292904
2104,0.10447586
2105,0.11570046
2106,0.118875004
2107,0.12266519
2108,0.14353728
2109,0.080901586
2110,0.083751716
2111,0.0796746
2112,0.06991549
2113,0.07624957
2114,0.10773369
2115,0.538908
2116,0.5405204
2117,0.5209907
2118,0.50722873
2119,0.5147995
2120,0.49836063
2121,0.4298945
2122,0.40613604
2123,0.37032872
2124,0.37140864
2125,0.38369235
2126,0.33839825
2127,0.23047252
2128,0.17081359
2129,0.14195913
2130,0.13303041
2131,0.14389679
2132,0.1507808
2133,0.15938231
2134,0.13034634
2135,0.15218113
2136,0.16045809
2137,0.12067398
2138,0.10691871
2139,0.08279934
2140,0.06081429
2141,0.08577045
2142,0.6608865
2143,0.5395807
2144,0.43639338
2145,0.66433805
2146,0.54319376
2147,0.4248786
2148,0.58758533
2149,0.49735582
2150,0.31893876
2151,0.46423498
2152,0.35276332
2153,0.27516142
2154,0.19482867
2155,0.16746135
2156,0.13355683
2157,0.26218998
2158,0.19597618
2159,0.14553073
2160,0.18384722
2161,0.17784803
2162,0.20782444
2163,0.16976598
2164,0.1456406
2165,0.11321801
2166,0.07779107
2167,0.06749297
2168,0.09160656
2169,0.67819595
2170,0.6087027
2171,0.59685516
2172,0.7767407
2173,0.70098686
2174,0.6642047
2175,0.57520425
2176,0.55834264
2177,0.4655939
2178,0.47679064
2179,0.46451625
2180,0.44263235
2181,0.32711056
2182,0.31081957
2183,0.16624092
2184,0.15325277
2185,0.15317388
2186,0.16539894
2187,0.063507915
2188,0.053804167
2189,0.07181648
2190,0.037759412
2191,0.022086043
2192,0.02717387
2193,0.02456054
2194,0.016157536
2195,0.03975876
2196,0.39673704
2197,0.33686945
2198,0.2910693
2199,0.26290876
2200,0.2260874
2201,0.1916651
2202,0.17424865
2203,0.15303473
2204,0.17708431
2205,0.21991356
2206,0.18199958
2207,0.18703337
2208,0.16199918
2209,0.05862428
2210,0.07550929
2211,0.051372234
2212,0.06013755
2213,0.076274544
2214,0.08767821
2215,0.09474822
2216,0.10545837
2217,0.07866504
2218,0.07591283
2219,0.07693404
2220,0.053097963
2221,0.055815812
2222,0.08607076
2223,0.6173533
2224,0.5708146
2225,0.53336865
2226,0.6042768
2227,0.5564632
2228,0.52831525
2229,0.5267126
2230,0.47048426
2231,0.3714395
2232,0.37860218
2233,0.36080283
2234,0.31601912
2235,0.20593904
2236,0.1606308
2237,0.15438114
2238,0.1888649
2239,0.18031682
2240,0.17096443
2241,0.094575666
2242,0.09663635
2243,0.113976195
2244,0.054457266
2245,0.049932998
2246,0.04948194
2247,0.035041507
2248,0.04099856
2249,0.069310315
2250,0.5518666
2251,0.53364974
2252,0.48100138
2253,0.51564896
2254,0.5007675
2255,0.4441035
2256,0.45085463
2257,0.4119481
2258,0.31109545
2259,0.35723418
2260,0.33207467
2261,0.2791279
2262,0.21552263
2263,0.158602
2264,0.162157
2265,0.14166667
2266,0.13996184
2267,0.1264709
2268,0.2528566
2269,0.23435056
2270,0.27424544
2271,0.26455408
2272,0.24562366
2273,0.19940801
2274,0.16132724
2275,0.1523657
2276,0.19479416
2277,0.8079338
2278,0.7461928
2279,0.73132885
2280,0.9955247
2281,0.9839546
2282,0.9365442
2283,0.7867044
2284,0.7379282
2285,0.68705875
2286,0.5943095
2287,0.58261675
2288,0.5382308
2289,0.4636371
2290,0.54860556
2291,0.3634571
2292,0.3957569
2293,0.35271993
2294,0.34742394
2295,0.20721854
2296,0.21311136
2297,0.19452177
2298,0.18246421
2299,0.16638064
2300,0.12744074
2301,0.1288101
2302,0.13561404
2303,0.13167371
2304,0.7969283
2305,0.70815533
2306,0.5429785
2307,0.8343304
2308,0.7393611
2309,0.588718
2310,0.8129686
2311,0.72632515
2312,0.5627723
2313,0.67111856
2314,0.61503077
2315,0.44261366
2316,0.2990608
2317,0.2047155
2318,0.20882897
2319,0.35204598
2320,0.30236483
2321,0.21627444
2322,0.107152425
2323,0.11365315
2324,0.1147501
2325,0.08797816
2326,0.08787824
2327,0.0826106
2328,0.05446119
2329,0.061316077
2330,0.08361136
2331,0.61000746
2332,0.5692452
2333,0.4840467
2334,0.5720439
2335,0.54838896
2336,0.46487612
2337,0.46526852
2338,0.3799984
2339,0.37280208
2340,0.4044279
2341,0.38288707
2342,0.3212842
2343,0.2512656
2344,0.17860046
2345,0.15896751
2346,0.15865047
2347,0.168219
2348,0.1678899
2349,0.2211468
2350,0.23120637
2351,0.23880243
2352,0.20859392
2353,0.20374131
2354,0.19649352
2355,0.15479437
2356,0.16660239
2357,0.2045705
2358,0.91529113
2359,0.87035006
2360,0.79131836
2361,0.93268275
2362,0.8761336
2363,0.8316307
2364,0.90552413
2365,0.82664376
2366,0.7373019
2367,0.7468106
2368,0.7007598
2369,0.5381871
2370,0.35881144
2371,0.29124415
2372,0.2924102
2373,0.40834454
2374,0.38698262
2375,0.3091531
2376,0.1484857
2377,0.15534225
2378,0.15547189
2379,0.086201556
2380,0.092618324
2381,0.07911299
2382,0.07256706
2383,0.08512454
2384,0.08781532
2385,0.7484383
2386,0.61075115
2387,0.48252994
2388,0.7010555
2389,0.5865785
2390,0.4810648
2391,0.6532791
2392,0.4851202
2393,0.39643684
2394,0.49910122
2395,0.4434921
2396,0.33409622
2397,0.2341863
2398,0.15576471
2399,0.16750407
2400,0.24799843
2401,0.21189709
2402,0.17026077
2403,0.17294553
2404,0.16751923
2405,0.15381725
2406,0.17708638
2407,0.15595827
2408,0.12533107
2409,0.13144192
2410,0.12756757
2411,0.14006591
2412,0.86931026
2413,0.724741
2414,0.5374082
2415,0.8644864
2416,0.7703997
2417,0.60807914
2418,0.80916095
2419,0.71707374
2420,0.53027374
2421,0.68364596
2422,0.57327396
2423,0.37820396
2424,0.27808037
2425,0.22393775
2426,0.2297611
2427,0.29404914
2428,0.27764806
2429,0.22513485
2430,0.18098745
2431,0.1909334
2432,0.22131145
2433,0.16574502
2434,0.16469674
2435,0.1543347
2436,0.122252576
2437,0.12757114
2438,0.15868957
2439,0.8304658
2440,0.84248835
2441,0.7567167
2442,0.8220126
2443,0.82329184
2444,0.73675203
2445,0.7990133
2446,0.7895438
2447,0.594321
2448,0.6226573
2449,0.6320836
2450,0.5305947
2451,0.40651113
2452,0.3177992
2453,0.29913458
2454,0.31773734
2455,0.32758814
2456,0.2822036
2457,0.24661447
2458,0.253734
2459,0.2945523
2460,0.2651303
2461,0.24984002
2462,0.20161925
2463,0.16509043
2464,0.16882284
2465,0.21691535
2466,0.81612605
2467,0.83020097
2468,0.80425555
2469,0.91238767
2470,0.9126678
2471,0.8382733
2472,0.8192036
2473,0.8178366
2474,0.7313926
2475,0.6967165
2476,0.7015753
2477,0.62457937
2478,0.5382791
2479,0.48260596
2480,0.40307134
2481,0.39323577
2482,0.40150046
2483,0.40353554
2484,0.06774417
2485,0.058453176
2486,0.084813476
2487,0.041628774
2488,0.035194058
2489,0.042336237
2490,0.030023668
2491,0.025178742
2492,0.046619944
2493,0.40119734
2494,0.33281794
2495,0.2731828
2496,0.39943397
2497,0.33986416
2498,0.24486887
2499,0.20533925
2500,0.1294519
2501,0.12668587
2502,0.19621581
2503,0.15316725
2504,0.15140343
2505,0.11496068
2506,0.0803286
2507,0.049030967
2508,0.087697014
2509,0.073763885
2510,0.06193574
2511,0.11255112
2512,0.106244646
2513,0.10889566
2514,0.071194105
2515,0.05384822
2516,0.047801387
2517,0.06689044
2518,0.051636074
2519,0.06149764
2520,0.59386414
2521,0.46932557
2522,0.31226403
2523,0.5744186
2524,0.42571872
2525,0.2792078
2526,0.49774528
2527,0.42554688
2528,0.2844792
2529,0.44988734
2530,0.33818343
2531,0.23912552
2532,0.16746688
2533,0.064219415
2534,0.093480855
2535,0.1582717
2536,0.11744473
2537,0.10613214
2538,0.028700741
2539,0.031447664
2540,0.07045818
2541,0.079649314
2542,0.07068381
2543,0.072936304
2544,0.03881262
2545,0.027038598
2546,0.06267769
2547,0.32178423
2548,0.31456214
2549,0.3198292
2550,0.45095763
2551,0.43452233
2552,0.40451494
2553,0.24809465
2554,0.2207333
2555,0.22611032
2556,0.09610465
2557,0.10948193
2558,0.13169448
2559,0.10109614
2560,0.18232603
2561,0.10872181
2562,0.08859771
2563,0.09175369
2564,0.09875351
2565,0.24856757
2566,0.2862207
2567,0.2766885
2568,0.2196041
2569,0.25771075
2570,0.22047628
2571,0.17955625
2572,0.23607929
2573,0.23772176
2574,1.0049919
2575,0.89612764
2576,0.7431844
2577,0.9845523
2578,0.88055325
2579,0.72632587
2580,0.90308654
2581,0.8008026
2582,0.67108655
2583,0.8221518
2584,0.73873585
2585,0.5270032
2586,0.36326876
2587,0.2623377
2588,0.2558601
2589,0.3675396
2590,0.3241969
2591,0.27099097
2592,0.04246899
2593,0.044723477
2594,0.056906693
2595,0.014871177
2596,0.012521371
2597,0.017398916
2598,0.00826654
2599,0.010981634
2600,0.044961847
2601,0.35051283
2602,0.31714237
2603,0.27341887
2604,0.30459118
2605,0.2749368
2606,0.24299602
2607,0.15106866
2608,0.1571973
2609,0.14472337
2610,0.13976845
2611,0.12383381
2612,0.1308249
2613,0.106145754
2614,0.07022662
2615,0.05019221
2616,0.0437399
2617,0.046115704
2618,0.04776395
2619,0.0722737
2620,0.08071199
2621,0.07124888
2622,0.07070422
2623,0.06181291
2624,0.04779243
2625,0.03630862
2626,0.036722194
2627,0.029289424
2628,0.5589264
2629,0.40887755
2630,0.25691178
2631,0.5831626
2632,0.4335074
2633,0.2638089
2634,0.50695664
2635,0.37384167
2636,0.17713907
2637,0.33223742
2638,0.25786886
2639,0.143197
2640,0.09079843
2641,0.05739823
2642,0.0618265
2643,0.19749407
2644,0.1500507
2645,0.070617825
2646,0.07584049
2647,0.05649716
2648,0.053512838
2649,0.082933925
2650,0.057813942
2651,0.0555994
2652,0.052666523
2653,0.03108568
2654,0.051958635
2655,0.48000395
2656,0.25847647
2657,0.16572806
2658,0.45292535
2659,0.30997154
2660,0.2283063
2661,0.37742928
2662,0.2683628
2663,0.20244922
2664,0.328885
2665,0.16825953
2666,0.14288619
2667,0.07699801
2668,0.0981032
2669,0.08297067
2670,0.15768573
2671,0.09093709
2672,0.09403046
2673,0.11941506
2674,0.0868618
2675,0.10101355
2676,0.13497613
2677,0.108478464
2678,0.09702446
2679,0.0641402
2680,0.033784524
2681,0.048750754
2682,0.5062153
2683,0.41032594
2684,0.30661157
2685,0.6803533
2686,0.5577951
2687,0.39982793
2688,0.5003591
2689,0.34737465
2690,0.24919239
2691,0.26698303
2692,0.21362981
2693,0.17486048
2694,0.13532385
2695,0.1779487
2696,0.1082357
2697,0.15461592
2698,0.11602981
2699,0.107883506
2700,0.092740886
2701,0.07653953
2702,0.08022667
2703,0.08677273
2704,0.054333072
2705,0.0486669
2706,0.05989147
2707,0.039176587
2708,0.040925805
2709,0.40469527
2710,0.27250662
2711,0.22094604
2712,0.3759193
2713,0.22919188
2714,0.17513964
2715,0.35453948
2716,0.24553144
2717,0.18319081
2718,0.35857487
2719,0.23460901
2720,0.16420045
2721,0.094445005
2722,0.035274275
2723,0.05076219
2724,0.17958353
2725,0.08323934
2726,0.04471451
2727,0.05758503
2728,0.047345247
2729,0.04885672
2730,0.03744474
2731,0.019883938
2732,0.021353316
2733,0.022493407
2734,0.0075306837
2735,0.026375577
2736,0.3270299
2737,0.26777825
2738,0.18315484
2739,0.33147097
2740,0.2799173
2741,0.18349692
2742,0.2628701
2743,0.21535465
2744,0.124518394
2745,0.16761684
2746,0.14581628
2747,0.093570285
2748,0.017954988
2749,0.01202414
2750,0.018970745
2751,0.071801215
2752,0.050670583
2753,0.04056379
2754,0.13280842
2755,0.113652386
2756,0.13041991
2757,0.09883508
2758,0.05162063
2759,0.059963096
2760,0.06783239
2761,0.030533751
2762,0.07769167
2763,0.82065445
2764,0.7241699
2765,0.695996
2766,0.807586
2767,0.6953835
2768,0.64966106
2769,0.6471043
2770,0.47123533
2771,0.3496486
2772,0.48031563
2773,0.39263514
2774,0.33142918
2775,0.29458568
2776,0.25863498
2777,0.22230315
2778,0.29694003
2779,0.21924254
2780,0.22709347
2781,0.14889297
2782,0.12070537
2783,0.16212791
2784,0.1552082
2785,0.11342495
2786,0.101970464
2787,0.09457005
2788,0.06514225
2789,0.100609206
2790,0.7370011
2791,0.6502235
2792,0.58378476
2793,0.7244958
2794,0.62938064
2795,0.58171827
2796,0.6334037
2797,0.52691054
2798,0.39572838
2799,0.47567585
2800,0.388708
2801,0.34517652
2802,0.24510081
2803,0.19224666
2804,0.18812445
2805,0.28733614
2806,0.23012638
2807,0.18942048
2808,0.079304904
2809,0.08003257
2810,0.069521785
2811,0.058630053
2812,0.049194686
2813,0.037171837
2814,0.038982816
2815,0.03919277
2816,0.039185632
2817,0.43031102
2818,0.39120728
2819,0.26940116
2820,0.35144088
2821,0.3072993
2822,0.20936804
2823,0.26132813
2824,0.223499
2825,0.18494228
2826,0.27607647
2827,0.2405259
2828,0.1615064
2829,0.14379448
2830,0.08537866
2831,0.059194736
2832,0.094948374
2833,0.07398229
2834,0.05795278
2835,0.10418932
2836,0.111158244
2837,0.15462595
2838,0.04773325
2839,0.050094143
2840,0.0496381
2841,0.045238223
2842,0.04649087
2843,0.07329486
2844,0.41200256
2845,0.39909518
2846,0.40183824
2847,0.39204332
2848,0.36824986
2849,0.36270186
2850,0.34053805
2851,0.32846949
2852,0.30515426
2853,0.31232896
2854,0.3140708
2855,0.31789434
2856,0.24791552
2857,0.15637104
2858,0.15998764
2859,0.15164672
2860,0.15776223
2861,0.16640803
2862,0.10010912
2863,0.09840253
2864,0.08050044
2865,0.07364829
2866,0.052404262
2867,0.03381565
2868,0.034469552
2869,0.030852081
2870,0.021914609
2871,0.74961716
2872,0.5392496
2873,0.2954439
2874,0.74581224
2875,0.5378388
2876,0.3057849
2877,0.5384321
2878,0.3210884
2879,0.16729164
2880,0.41737616
2881,0.28526816
2882,0.14235292
2883,0.084344946
2884,0.054716997
2885,0.024100306
2886,0.14956525
2887,0.07889695
2888,0.02665866
2889,0.04299531
2890,0.03943128
2891,0.042044055
2892,0.024201315
2893,0.020096691
2894,0.020783441
2895,0.019260429
2896,0.017392837
2897,0.033574577
2898,0.18599756
2899,0.15716088
2900,0.12116621
2901,0.15895207
2902,0.14912905
2903,0.12683252
2904,0.0986847
2905,0.10836805
2906,0.12321728
2907,0.08644211
2908,0.07610673
2909,0.07553452
2910,0.05376274
2911,0.024976734
2912,0.043731045
2913,0.035023488
2914,0.04433916
2915,0.053194568
2916,0.08304331
2917,0.08245958
2918,0.08002498
2919,0.022852046
2920,0.023277774
2921,0.017857756
2922,0.01737673
2923,0.022196366
2924,0.026074814
2925,0.37359774
2926,0.30403894
2927,0.19213472
2928,0.28414553
2929,0.24206784
2930,0.14325544
2931,0.11600833
2932,0.10519088
2933,0.07675568
2934,0.16277811
2935,0.15470767
2936,0.092164166
2937,0.063303426
2938,0.036190983
2939,0.032921344
2940,0.035793085
2941,0.029129889
2942,0.02887463
2943,0.20348568
2944,0.20493782
2945,0.22327976
2946,0.21523602
2947,0.18812484
2948,0.16212271
2949,0.15048032
2950,0.150708
2951,0.17344396
2952,0.63527185
2953,0.61601764
2954,0.59727216
2955,0.77145064
2956,0.77136046
2957,0.7253418
2958,0.65572995
2959,0.63015646
2960,0.48832077
2961,0.4476414
2962,0.419742
2963,0.37024006
2964,0.3049468
2965,0.33156198
2966,0.20282638
2967,0.23945856
2968,0.23522508
2969,0.23386736
2970,0.22102274
2971,0.2238992
2972,0.23791067
2973,0.2111205
2974,0.19445707
2975,0.17729886
2976,0.1584006
2977,0.16275725
2978,0.19640522
2979,0.877003
2980,0.82050866
2981,0.70864546
2982,0.875524
2983,0.81758463
2984,0.72309023
2985,0.8482924
2986,0.7884407
2987,0.640639
2988,0.7095987
2989,0.6702202
2990,0.5110156
2991,0.37108165
2992,0.27458557
2993,0.27724224
2994,0.3844337
2995,0.3637418
2996,0.2886805
2997,0.18385604
2998,0.17219676
2999,0.2090316
3000,0.14369264
3001,0.12899803
3002,0.124301724
3003,0.10634618
3004,0.09450999
3005,0.1276922
3006,0.75410515
3007,0.71988845
3008,0.7125017
3009,0.6858196
3010,0.65926534
3011,0.6477546
3012,0.5789908
3013,0.542432
3014,0.4595914
3015,0.61204374
3016,0.576992
3017,0.5266093
3018,0.4184783
3019,0.29671082
3020,0.24555427
3021,0.22941747
3022,0.23151648
3023,0.23671949
3024,0.16580115
3025,0.17135006
3026,0.1849433
3027,0.14758088
3028,0.15486644
3029,0.1466313
3030,0.1311939
3031,0.13772705
3032,0.16763464
3033,0.75623333
3034,0.7492155
3035,0.6778674
3036,0.78050923
3037,0.76627165
3038,0.7233831
3039,0.77388006
3040,0.74453616
3041,0.57432157
3042,0.5758319
3043,0.545149
3044,0.46447566
3045,0.33723414
3046,0.27191332
3047,0.27447584
3048,0.33025494
3049,0.31691876
3050,0.27249682
3051,0.13778333
3052,0.119837016
3053,0.10444156
3054,0.14122984
3055,0.10130719
3056,0.08809623
3057,0.104072735
3058,0.08814545
3059,0.10050031
3060,0.656019
3061,0.46195877
3062,0.33948895
3063,0.7088497
3064,0.52812594
3065,0.41935974
3066,0.6533493
3067,0.56688434
3068,0.43058664
3069,0.53881615
3070,0.40306723
3071,0.26281253
3072,0.149033
3073,0.14243922
3074,0.17926629
3075,0.28303513
3076,0.21054298
3077,0.17464827
3078,0.15539698
3079,0.16266821
3080,0.15378317
3081,0.12881653
3082,0.11711798
3083,0.09610101
3084,0.084871285
3085,0.084419824
3086,0.08260328
3087,0.73137754
3088,0.6029149
3089,0.44079018
3090,0.72640413
3091,0.5969446
3092,0.44524157
3093,0.6277335
3094,0.49349618
3095,0.34626812
3096,0.4773835
3097,0.4275983
3098,0.32813367
3099,0.22286679
3100,0.15828112
3101,0.16353062
3102,0.2150992
3103,0.20359512
3104,0.15996318
3105,0.1537907
3106,0.1602233
3107,0.19091596
3108,0.1403396
3109,0.13689059
3110,0.1264074
3111,0.1139622
3112,0.115349695
3113,0.15228996
3114,0.6289033
3115,0.62323165
3116,0.6053433
3117,0.63435113
3118,0.61305153
3119,0.5815195
3120,0.58523655
3121,0.53142685
3122,0.4879715
3123,0.50493747
3124,0.48065618
3125,0.433482
3126,0.37878433
3127,0.31953174
3128,0.29386628
3129,0.2893003
3130,0.27389023
3131,0.2666483
3132,0.03652433
3133,0.046988696
3134,0.053885248
3135,0.054685883
3136,0.049974
3137,0.051623166
3138,0.018036833
3139,0.024516571
3140,0.039518736
3141,0.37447667
3142,0.3020721
3143,0.2519588
3144,0.5237236
3145,0.43767226
3146,0.36964676
3147,0.31910157
3148,0.2847879
3149,0.23646945
3150,0.1187511
3151,0.10691942
3152,0.10412308
3153,0.03132189
3154,0.091780245
3155,0.059395324
3156,0.07528196
3157,0.08282386
3158,0.071455024
3159,0.11830882
3160,0.116536036
3161,0.1472086
3162,0.12098568
3163,0.117155544
3164,0.11084126
3165,0.06671181
3166,0.0691536
3167,0.10625828
3168,0.64685404
3169,0.64017916
3170,0.5958579
3171,0.71349657
3172,0.7126088
3173,0.6644962
3174,0.5972692
3175,0.51038265
3176,0.4480999
3177,0.34702224
3178,0.33962902
3179,0.30922124
3180,0.28576046
3181,0.3071339
3182,0.22196148
3183,0.1880352
3184,0.19667801
3185,0.19773987
3186,0.069458775
3187,0.0771602
3188,0.09695987
3189,0.044605687
3190,0.04591281
3191,0.044836517
3192,0.020269433
3193,0.025356982
3194,0.04336101
3195,0.6117151
3196,0.50039446
3197,0.3599203
3198,0.6111903
3199,0.47850585
3200,0.3668596
3201,0.39613283
3202,0.2636331
